{
  "confusion_matrix": [
    [
      14,
      7,
      3
    ],
    [
      18,
      42,
      8
    ],
    [
      2,
      10,
      4
    ]
  ],
  "classification_report": {
    "Yes": {
      "precision": 0.4117647058823529,
      "recall": 0.5833333333333334,
      "f1-score": 0.4827586206896552,
      "support": 24.0
    },
    "No - Unrelated event": {
      "precision": 0.711864406779661,
      "recall": 0.6176470588235294,
      "f1-score": 0.6614173228346457,
      "support": 68.0
    },
    "No - condition(s) not met": {
      "precision": 0.26666666666666666,
      "recall": 0.25,
      "f1-score": 0.25806451612903225,
      "support": 16.0
    },
    "accuracy": 0.5555555555555556,
    "macro avg": {
      "precision": 0.4634319264428935,
      "recall": 0.4836601307189543,
      "f1-score": 0.46741348655111103,
      "support": 108.0
    },
    "weighted avg": {
      "precision": 0.5792203636005563,
      "recall": 0.5555555555555556,
      "f1-score": 0.5619594176608532,
      "support": 108.0
    }
  },
  "k_configuration": "k=3",
  "experiment_timestamp": "30-07-25--08-51-15",
  "prompt_name": "precise_v4_qwen"
}