{
  "confusion_matrix": [
    [
      14,
      7,
      3
    ],
    [
      17,
      44,
      7
    ],
    [
      2,
      11,
      3
    ]
  ],
  "classification_report": {
    "Yes": {
      "precision": 0.42424242424242425,
      "recall": 0.5833333333333334,
      "f1-score": 0.49122807017543857,
      "support": 24.0
    },
    "No - Unrelated event": {
      "precision": 0.7096774193548387,
      "recall": 0.6470588235294118,
      "f1-score": 0.676923076923077,
      "support": 68.0
    },
    "No - condition(s) not met": {
      "precision": 0.23076923076923078,
      "recall": 0.1875,
      "f1-score": 0.20689655172413793,
      "support": 16.0
    },
    "accuracy": 0.5648148148148148,
    "macro avg": {
      "precision": 0.4548963581221646,
      "recall": 0.4726307189542484,
      "f1-score": 0.4583492329408845,
      "support": 108.0
    },
    "weighted avg": {
      "precision": 0.5752980591690269,
      "recall": 0.5648148148148148,
      "f1-score": 0.5660239605793145,
      "support": 108.0
    }
  },
  "k_configuration": "k=3",
  "experiment_timestamp": "30-07-25--09-13-41",
  "prompt_name": "precise_v4_qwen"
}