{
  "confusion_matrix": [
    [
      8,
      15,
      1
    ],
    [
      2,
      65,
      1
    ],
    [
      1,
      10,
      5
    ]
  ],
  "classification_report": {
    "Yes": {
      "precision": 0.7272727272727273,
      "recall": 0.3333333333333333,
      "f1-score": 0.45714285714285713,
      "support": 24.0
    },
    "No - Unrelated event": {
      "precision": 0.7222222222222222,
      "recall": 0.9558823529411765,
      "f1-score": 0.8227848101265823,
      "support": 68.0
    },
    "No - condition(s) not met": {
      "precision": 0.7142857142857143,
      "recall": 0.3125,
      "f1-score": 0.43478260869565216,
      "support": 16.0
    },
    "accuracy": 0.7222222222222222,
    "macro avg": {
      "precision": 0.7212602212602213,
      "recall": 0.5339052287581699,
      "f1-score": 0.5715700919883638,
      "support": 108.0
    },
    "weighted avg": {
      "precision": 0.7221687777243332,
      "recall": 0.7222222222222222,
      "f1-score": 0.6840492351774686,
      "support": 108.0
    }
  },
  "k_configuration": "k=3"
}