{
  "model_name": "qwen_qwen3-235b-a22b_free",
  "k_configuration": "k=3",
  "total_output_questions": 108,
  "total_evaluated_questions": 108,
  "outcome_classification": {
    "accuracy": 0.6296296296296297,
    "category_metrics": {
      "Yes": {
        "precision": 0.7857142857142857,
        "recall": 0.4583333333333333,
        "f1-score": 0.5789473684210527,
        "support": 24.0
      },
      "No - Unrelated event": {
        "precision": 0.9347826086956522,
        "recall": 0.6323529411764706,
        "f1-score": 0.7543859649122807,
        "support": 68.0
      },
      "No - condition(s) not met": {
        "precision": 0.3783783783783784,
        "recall": 0.875,
        "f1-score": 0.5283018867924528,
        "support": 16.0
      }
    }
  },
  "exact_outcome_matches": 68,
  "exact_outcome_match_percentage": 62.96296296296296,
  "avg_justification_similarity": 0.5322026180070468,
  "avg_justification_iou": 0.49921364078284497,
  "avg_payment_similarity": 0.8114767089675446,
  "avg_combined_justification_similarity": 0.6718396634872957
}