{
  "confusion_matrix": [
    [
      15,
      2,
      7
    ],
    [
      5,
      44,
      19
    ],
    [
      1,
      3,
      12
    ]
  ],
  "classification_report": {
    "Yes": {
      "precision": 0.7142857142857143,
      "recall": 0.625,
      "f1-score": 0.6666666666666666,
      "support": 24.0
    },
    "No - Unrelated event": {
      "precision": 0.8979591836734694,
      "recall": 0.6470588235294118,
      "f1-score": 0.7521367521367521,
      "support": 68.0
    },
    "No - condition(s) not met": {
      "precision": 0.3157894736842105,
      "recall": 0.75,
      "f1-score": 0.4444444444444444,
      "support": 16.0
    },
    "accuracy": 0.6574074074074074,
    "macro avg": {
      "precision": 0.6426781238811313,
      "recall": 0.6740196078431372,
      "f1-score": 0.621082621082621,
      "support": 108.0
    },
    "weighted avg": {
      "precision": 0.7708954927000039,
      "recall": 0.6574074074074074,
      "f1-score": 0.687559354226021,
      "support": 108.0
    }
  }
}