{
  "confusion_matrix": [
    [
      15,
      2,
      7
    ],
    [
      3,
      34,
      31
    ],
    [
      3,
      5,
      8
    ]
  ],
  "classification_report": {
    "Yes": {
      "precision": 0.7142857142857143,
      "recall": 0.625,
      "f1-score": 0.6666666666666666,
      "support": 24.0
    },
    "No - Unrelated event": {
      "precision": 0.8292682926829268,
      "recall": 0.5,
      "f1-score": 0.6238532110091743,
      "support": 68.0
    },
    "No - condition(s) not met": {
      "precision": 0.17391304347826086,
      "recall": 0.5,
      "f1-score": 0.25806451612903225,
      "support": 16.0
    },
    "accuracy": 0.5277777777777778,
    "macro avg": {
      "precision": 0.5724890168156339,
      "recall": 0.5416666666666666,
      "f1-score": 0.5161947979349578,
      "support": 108.0
    },
    "weighted avg": {
      "precision": 0.7066269420458179,
      "recall": 0.5277777777777778,
      "f1-score": 0.5791763945063738,
      "support": 108.0
    }
  }
}