{
  "confusion_matrix": [
    [
      14,
      3,
      7
    ],
    [
      3,
      29,
      36
    ],
    [
      4,
      4,
      8
    ]
  ],
  "classification_report": {
    "Yes": {
      "precision": 0.6666666666666666,
      "recall": 0.5833333333333334,
      "f1-score": 0.6222222222222222,
      "support": 24.0
    },
    "No - Unrelated event": {
      "precision": 0.8055555555555556,
      "recall": 0.4264705882352941,
      "f1-score": 0.5576923076923077,
      "support": 68.0
    },
    "No - condition(s) not met": {
      "precision": 0.1568627450980392,
      "recall": 0.5,
      "f1-score": 0.23880597014925373,
      "support": 16.0
    },
    "accuracy": 0.4722222222222222,
    "macro avg": {
      "precision": 0.5430283224400871,
      "recall": 0.5032679738562091,
      "f1-score": 0.47290683335459455,
      "support": 108.0
    },
    "weighted avg": {
      "precision": 0.6785887194383926,
      "recall": 0.4722222222222222,
      "f1-score": 0.5247898683222066,
      "support": 108.0
    }
  }
}