{
  "confusion_matrix": [
    [
      12,
      7,
      5
    ],
    [
      4,
      56,
      8
    ],
    [
      1,
      6,
      9
    ]
  ],
  "classification_report": {
    "Yes": {
      "precision": 0.7058823529411765,
      "recall": 0.5,
      "f1-score": 0.5853658536585366,
      "support": 24.0
    },
    "No - Unrelated event": {
      "precision": 0.8115942028985508,
      "recall": 0.8235294117647058,
      "f1-score": 0.8175182481751825,
      "support": 68.0
    },
    "No - condition(s) not met": {
      "precision": 0.4090909090909091,
      "recall": 0.5625,
      "f1-score": 0.47368421052631576,
      "support": 16.0
    },
    "accuracy": 0.7129629629629629,
    "macro avg": {
      "precision": 0.6421891549768789,
      "recall": 0.6286764705882353,
      "f1-score": 0.6255227707866783,
      "support": 108.0
    },
    "weighted avg": {
      "precision": 0.7284725630846688,
      "recall": 0.7129629629629629,
      "f1-score": 0.7149904512235032,
      "support": 108.0
    }
  }
}