{
  "confusion_matrix": [
    [
      12,
      8,
      4
    ],
    [
      3,
      60,
      5
    ],
    [
      1,
      7,
      8
    ]
  ],
  "classification_report": {
    "Yes": {
      "precision": 0.75,
      "recall": 0.5,
      "f1-score": 0.6,
      "support": 24.0
    },
    "No - Unrelated event": {
      "precision": 0.8,
      "recall": 0.8823529411764706,
      "f1-score": 0.8391608391608392,
      "support": 68.0
    },
    "No - condition(s) not met": {
      "precision": 0.47058823529411764,
      "recall": 0.5,
      "f1-score": 0.48484848484848486,
      "support": 16.0
    },
    "accuracy": 0.7407407407407407,
    "macro avg": {
      "precision": 0.6735294117647058,
      "recall": 0.6274509803921569,
      "f1-score": 0.6413364413364414,
      "support": 108.0
    },
    "weighted avg": {
      "precision": 0.740087145969499,
      "recall": 0.7407407407407407,
      "f1-score": 0.7335232668566002,
      "support": 108.0
    }
  }
}