{
  "confusion_matrix": [
    [
      14,
      4,
      6
    ],
    [
      5,
      43,
      20
    ],
    [
      1,
      4,
      11
    ]
  ],
  "classification_report": {
    "Yes": {
      "precision": 0.7,
      "recall": 0.5833333333333334,
      "f1-score": 0.6363636363636364,
      "support": 24.0
    },
    "No - Unrelated event": {
      "precision": 0.8431372549019608,
      "recall": 0.6323529411764706,
      "f1-score": 0.7226890756302521,
      "support": 68.0
    },
    "No - condition(s) not met": {
      "precision": 0.2972972972972973,
      "recall": 0.6875,
      "f1-score": 0.41509433962264153,
      "support": 16.0
    },
    "accuracy": 0.6296296296296297,
    "macro avg": {
      "precision": 0.6134781840664193,
      "recall": 0.6343954248366014,
      "f1-score": 0.5913823505388432,
      "support": 108.0
    },
    "weighted avg": {
      "precision": 0.7304637971304637,
      "recall": 0.6296296296296297,
      "f1-score": 0.6579360541624694,
      "support": 108.0
    }
  }
}