{
  "confusion_matrix": [
    [
      12,
      8,
      4
    ],
    [
      5,
      54,
      9
    ],
    [
      1,
      5,
      10
    ]
  ],
  "classification_report": {
    "Yes": {
      "precision": 0.6666666666666666,
      "recall": 0.5,
      "f1-score": 0.5714285714285714,
      "support": 24.0
    },
    "No - Unrelated event": {
      "precision": 0.8059701492537313,
      "recall": 0.7941176470588235,
      "f1-score": 0.8,
      "support": 68.0
    },
    "No - condition(s) not met": {
      "precision": 0.43478260869565216,
      "recall": 0.625,
      "f1-score": 0.5128205128205128,
      "support": 16.0
    },
    "accuracy": 0.7037037037037037,
    "macro avg": {
      "precision": 0.6358064748720167,
      "recall": 0.6397058823529411,
      "f1-score": 0.6280830280830281,
      "support": 108.0
    },
    "weighted avg": {
      "precision": 0.7200230730405942,
      "recall": 0.7037037037037037,
      "f1-score": 0.7066612399945733,
      "support": 108.0
    }
  }
}