{
  "confusion_matrix": [
    [
      14,
      3,
      7
    ],
    [
      5,
      40,
      23
    ],
    [
      3,
      4,
      9
    ]
  ],
  "classification_report": {
    "Yes": {
      "precision": 0.6363636363636364,
      "recall": 0.5833333333333334,
      "f1-score": 0.6086956521739131,
      "support": 24.0
    },
    "No - Unrelated event": {
      "precision": 0.851063829787234,
      "recall": 0.5882352941176471,
      "f1-score": 0.6956521739130435,
      "support": 68.0
    },
    "No - condition(s) not met": {
      "precision": 0.23076923076923078,
      "recall": 0.5625,
      "f1-score": 0.32727272727272727,
      "support": 16.0
    },
    "accuracy": 0.5833333333333334,
    "macro avg": {
      "precision": 0.5727322323067005,
      "recall": 0.5780228758169935,
      "f1-score": 0.5438735177865612,
      "support": 108.0
    },
    "weighted avg": {
      "precision": 0.711457179542286,
      "recall": 0.5833333333333334,
      "f1-score": 0.6217537695798566,
      "support": 108.0
    }
  }
}