{
  "model_name": "phi-4",
  "total_output_questions": 108,
  "total_evaluated_questions": 108,
  "outcome_classification": {
    "accuracy": 0.5277777777777778,
    "category_metrics": {
      "Yes": {
        "precision": 0.7142857142857143,
        "recall": 0.625,
        "f1-score": 0.6666666666666666,
        "support": 24.0
      },
      "No - Unrelated event": {
        "precision": 0.8292682926829268,
        "recall": 0.5,
        "f1-score": 0.6238532110091743,
        "support": 68.0
      },
      "No - condition(s) not met": {
        "precision": 0.17391304347826086,
        "recall": 0.5,
        "f1-score": 0.25806451612903225,
        "support": 16.0
      }
    }
  },
  "exact_outcome_matches": 57,
  "exact_outcome_match_percentage": 52.77777777777778,
  "avg_justification_similarity": 0.41366645045067457,
  "avg_justification_iou": 0.3714472467398719,
  "avg_payment_similarity": 0.8029842671136097,
  "avg_combined_justification_similarity": 0.6083253587821422
}