{
  "model_name": "phi-4",
  "total_output_questions": 108,
  "total_evaluated_questions": 108,
  "outcome_classification": {
    "accuracy": 0.6018518518518519,
    "category_metrics": {
      "Yes": {
        "precision": 0.5,
        "recall": 0.25,
        "f1-score": 0.3333333333333333,
        "support": 24.0
      },
      "No - Unrelated event": {
        "precision": 0.7368421052631579,
        "recall": 0.8235294117647058,
        "f1-score": 0.7777777777777778,
        "support": 68.0
      },
      "No - condition(s) not met": {
        "precision": 0.3,
        "recall": 0.1875,
        "f1-score": 0.23076923076923078,
        "support": 16.0
      }
    }
  },
  "exact_outcome_matches": 65,
  "exact_outcome_match_percentage": 60.18518518518518,
  "avg_justification_similarity": 0.6066948949754111,
  "avg_justification_iou": 0.59953959962327,
  "avg_payment_similarity": 0.7774380409140826,
  "avg_combined_justification_similarity": 0.6920664679447469
}