{
  "model_name": "phi-4",
  "total_output_questions": 108,
  "total_evaluated_questions": 108,
  "outcome_classification": {
    "accuracy": 0.7129629629629629,
    "category_metrics": {
      "Yes": {
        "precision": 0.6666666666666666,
        "recall": 0.5,
        "f1-score": 0.5714285714285714,
        "support": 24.0
      },
      "No - Unrelated event": {
        "precision": 0.8142857142857143,
        "recall": 0.8382352941176471,
        "f1-score": 0.8260869565217391,
        "support": 68.0
      },
      "No - condition(s) not met": {
        "precision": 0.4,
        "recall": 0.5,
        "f1-score": 0.4444444444444444,
        "support": 16.0
      }
    }
  },
  "exact_outcome_matches": 77,
  "exact_outcome_match_percentage": 71.29629629629629,
  "avg_justification_similarity": 0.5902728383383352,
  "avg_justification_iou": 0.557412654033608,
  "avg_payment_similarity": 0.8518518518518519,
  "avg_combined_justification_similarity": 0.7210623450950934
}