{
  "model_name": "phi-4",
  "total_output_questions": 108,
  "total_evaluated_questions": 108,
  "outcome_classification": {
    "accuracy": 0.4722222222222222,
    "category_metrics": {
      "Yes": {
        "precision": 0.6666666666666666,
        "recall": 0.5833333333333334,
        "f1-score": 0.6222222222222222,
        "support": 24.0
      },
      "No - Unrelated event": {
        "precision": 0.8055555555555556,
        "recall": 0.4264705882352941,
        "f1-score": 0.5576923076923077,
        "support": 68.0
      },
      "No - condition(s) not met": {
        "precision": 0.1568627450980392,
        "recall": 0.5,
        "f1-score": 0.23880597014925373,
        "support": 16.0
      }
    }
  },
  "exact_outcome_matches": 51,
  "exact_outcome_match_percentage": 47.22222222222222,
  "avg_justification_similarity": 0.35421270232812785,
  "avg_justification_iou": 0.3124711436894587,
  "avg_payment_similarity": 0.7797038972718324,
  "avg_combined_justification_similarity": 0.5669582997999801
}