{
  "model_name": "phi-4",
  "total_output_questions": 108,
  "total_evaluated_questions": 108,
  "outcome_classification": {
    "accuracy": 0.7037037037037037,
    "category_metrics": {
      "Yes": {
        "precision": 0.6666666666666666,
        "recall": 0.5,
        "f1-score": 0.5714285714285714,
        "support": 24.0
      },
      "No - Unrelated event": {
        "precision": 0.8059701492537313,
        "recall": 0.7941176470588235,
        "f1-score": 0.8,
        "support": 68.0
      },
      "No - condition(s) not met": {
        "precision": 0.43478260869565216,
        "recall": 0.625,
        "f1-score": 0.5128205128205128,
        "support": 16.0
      }
    }
  },
  "exact_outcome_matches": 76,
  "exact_outcome_match_percentage": 70.37037037037037,
  "avg_justification_similarity": 0.5762158497859873,
  "avg_justification_iou": 0.5418856625054042,
  "avg_payment_similarity": 0.8518518518518519,
  "avg_combined_justification_similarity": 0.7140338508189196
}