{
  "model_name": "phi-4",
  "total_output_questions": 108,
  "total_evaluated_questions": 108,
  "outcome_classification": {
    "accuracy": 0.6203703703703703,
    "category_metrics": {
      "Yes": {
        "precision": 0.6666666666666666,
        "recall": 0.6666666666666666,
        "f1-score": 0.6666666666666666,
        "support": 24.0
      },
      "No - Unrelated event": {
        "precision": 0.8571428571428571,
        "recall": 0.6176470588235294,
        "f1-score": 0.717948717948718,
        "support": 68.0
      },
      "No - condition(s) not met": {
        "precision": 0.2571428571428571,
        "recall": 0.5625,
        "f1-score": 0.35294117647058826,
        "support": 16.0
      }
    }
  },
  "exact_outcome_matches": 67,
  "exact_outcome_match_percentage": 62.03703703703704,
  "avg_justification_similarity": 0.48431907609665936,
  "avg_justification_iou": 0.4469872475216062,
  "avg_payment_similarity": 0.7653679470898823,
  "avg_combined_justification_similarity": 0.6248435115932709
}