{
  "model_name": "phi-4",
  "total_output_questions": 108,
  "total_evaluated_questions": 108,
  "outcome_classification": {
    "accuracy": 0.48148148148148145,
    "category_metrics": {
      "Yes": {
        "precision": 0.5416666666666666,
        "recall": 0.5416666666666666,
        "f1-score": 0.5416666666666666,
        "support": 24.0
      },
      "No - Unrelated event": {
        "precision": 0.8823529411764706,
        "recall": 0.4411764705882353,
        "f1-score": 0.5882352941176471,
        "support": 68.0
      },
      "No - condition(s) not met": {
        "precision": 0.18,
        "recall": 0.5625,
        "f1-score": 0.2727272727272727,
        "support": 16.0
      }
    }
  },
  "exact_outcome_matches": 52,
  "exact_outcome_match_percentage": 48.148148148148145,
  "avg_justification_similarity": 0.3804817677998785,
  "avg_justification_iou": 0.3383675764125461,
  "avg_payment_similarity": 0.7786770754886445,
  "avg_combined_justification_similarity": 0.5795794216442615
}