{
  "model_name": "phi-4",
  "total_output_questions": 108,
  "total_evaluated_questions": 108,
  "outcome_classification": {
    "accuracy": 0.7129629629629629,
    "category_metrics": {
      "Yes": {
        "precision": 0.7058823529411765,
        "recall": 0.5,
        "f1-score": 0.5853658536585366,
        "support": 24.0
      },
      "No - Unrelated event": {
        "precision": 0.8115942028985508,
        "recall": 0.8235294117647058,
        "f1-score": 0.8175182481751825,
        "support": 68.0
      },
      "No - condition(s) not met": {
        "precision": 0.4090909090909091,
        "recall": 0.5625,
        "f1-score": 0.47368421052631576,
        "support": 16.0
      }
    }
  },
  "exact_outcome_matches": 77,
  "exact_outcome_match_percentage": 71.29629629629629,
  "avg_justification_similarity": 0.5878400681278814,
  "avg_justification_iou": 0.5559289905318546,
  "avg_payment_similarity": 0.8518518518518519,
  "avg_combined_justification_similarity": 0.7198459599898667
}