{
  "model_name": "phi-4",
  "total_output_questions": 108,
  "total_evaluated_questions": 108,
  "outcome_classification": {
    "accuracy": 0.7407407407407407,
    "category_metrics": {
      "Yes": {
        "precision": 0.75,
        "recall": 0.5,
        "f1-score": 0.6,
        "support": 24.0
      },
      "No - Unrelated event": {
        "precision": 0.8,
        "recall": 0.8823529411764706,
        "f1-score": 0.8391608391608392,
        "support": 68.0
      },
      "No - condition(s) not met": {
        "precision": 0.47058823529411764,
        "recall": 0.5,
        "f1-score": 0.48484848484848486,
        "support": 16.0
      }
    }
  },
  "exact_outcome_matches": 80,
  "exact_outcome_match_percentage": 74.07407407407408,
  "avg_justification_similarity": 0.6117949612815141,
  "avg_justification_iou": 0.5848111994072752,
  "avg_payment_similarity": 0.8518518518518519,
  "avg_combined_justification_similarity": 0.7318234065666829
}