{
  "model_name": "phi-4",
  "total_output_questions": 108,
  "total_evaluated_questions": 108,
  "outcome_classification": {
    "accuracy": 0.2777777777777778,
    "category_metrics": {
      "Yes": {
        "precision": 0.6666666666666666,
        "recall": 0.5833333333333334,
        "f1-score": 0.6222222222222222,
        "support": 24.0
      },
      "No - Unrelated event": {
        "precision": 0.8571428571428571,
        "recall": 0.08823529411764706,
        "f1-score": 0.16,
        "support": 68.0
      },
      "No - condition(s) not met": {
        "precision": 0.18181818181818182,
        "recall": 0.625,
        "f1-score": 0.28169014084507044,
        "support": 16.0
      }
    }
  },
  "exact_outcome_matches": 30,
  "exact_outcome_match_percentage": 27.77777777777778,
  "avg_justification_similarity": 0.14568982497871275,
  "avg_justification_iou": 0.10115843097573875,
  "avg_payment_similarity": 0.5893747838731076,
  "avg_combined_justification_similarity": 0.3675323044259102
}