{
  "model_name": "phi-4",
  "total_output_questions": 108,
  "total_evaluated_questions": 108,
  "outcome_classification": {
    "accuracy": 0.5925925925925926,
    "category_metrics": {
      "Yes": {
        "precision": 0.5909090909090909,
        "recall": 0.5416666666666666,
        "f1-score": 0.5652173913043478,
        "support": 24.0
      },
      "No - Unrelated event": {
        "precision": 0.86,
        "recall": 0.6323529411764706,
        "f1-score": 0.7288135593220338,
        "support": 68.0
      },
      "No - condition(s) not met": {
        "precision": 0.2222222222222222,
        "recall": 0.5,
        "f1-score": 0.3076923076923077,
        "support": 16.0
      }
    }
  },
  "exact_outcome_matches": 64,
  "exact_outcome_match_percentage": 59.25925925925925,
  "avg_justification_similarity": 0.48271535952516553,
  "avg_justification_iou": 0.44643964707075506,
  "avg_payment_similarity": 0.7658991065514016,
  "avg_combined_justification_similarity": 0.6243072330382836
}