{
  "model_name": "phi-4",
  "total_output_questions": 108,
  "total_evaluated_questions": 108,
  "outcome_classification": {
    "accuracy": 0.6574074074074074,
    "category_metrics": {
      "Yes": {
        "precision": 0.7142857142857143,
        "recall": 0.625,
        "f1-score": 0.6666666666666666,
        "support": 24.0
      },
      "No - Unrelated event": {
        "precision": 0.8979591836734694,
        "recall": 0.6470588235294118,
        "f1-score": 0.7521367521367521,
        "support": 68.0
      },
      "No - condition(s) not met": {
        "precision": 0.3157894736842105,
        "recall": 0.75,
        "f1-score": 0.4444444444444444,
        "support": 16.0
      }
    }
  },
  "exact_outcome_matches": 71,
  "exact_outcome_match_percentage": 65.74074074074075,
  "avg_justification_similarity": 0.5165261224757223,
  "avg_justification_iou": 0.48016174571381737,
  "avg_payment_similarity": 0.8225954311332883,
  "avg_combined_justification_similarity": 0.6695607768045052
}