{
  "model_name": "phi-4",
  "total_output_questions": 108,
  "total_evaluated_questions": 108,
  "outcome_classification": {
    "accuracy": 0.6759259259259259,
    "category_metrics": {
      "Yes": {
        "precision": 0.65,
        "recall": 0.5416666666666666,
        "f1-score": 0.5909090909090909,
        "support": 24.0
      },
      "No - Unrelated event": {
        "precision": 0.8448275862068966,
        "recall": 0.7205882352941176,
        "f1-score": 0.7777777777777778,
        "support": 68.0
      },
      "No - condition(s) not met": {
        "precision": 0.3793103448275862,
        "recall": 0.6875,
        "f1-score": 0.4888888888888889,
        "support": 16.0
      }
    }
  },
  "exact_outcome_matches": 73,
  "exact_outcome_match_percentage": 67.5925925925926,
  "avg_justification_similarity": 0.5654604285842519,
  "avg_justification_iou": 0.5326727595215544,
  "avg_payment_similarity": 0.7741711589779866,
  "avg_combined_justification_similarity": 0.6698157937811193
}