{
  "model_name": "phi-4",
  "total_output_questions": 108,
  "total_evaluated_questions": 108,
  "outcome_classification": {
    "accuracy": 0.6944444444444444,
    "category_metrics": {
      "Yes": {
        "precision": 0.6666666666666666,
        "recall": 0.5,
        "f1-score": 0.5714285714285714,
        "support": 24.0
      },
      "No - Unrelated event": {
        "precision": 0.8059701492537313,
        "recall": 0.7941176470588235,
        "f1-score": 0.8,
        "support": 68.0
      },
      "No - condition(s) not met": {
        "precision": 0.4090909090909091,
        "recall": 0.5625,
        "f1-score": 0.47368421052631576,
        "support": 16.0
      }
    }
  },
  "exact_outcome_matches": 75,
  "exact_outcome_match_percentage": 69.44444444444444,
  "avg_justification_similarity": 0.5704541327943237,
  "avg_justification_iou": 0.535444438672876,
  "avg_payment_similarity": 0.8518518518518519,
  "avg_combined_justification_similarity": 0.7111529923230878
}