{
  "confusion_matrix": [
    [
      13,
      0,
      11
    ],
    [
      4,
      57,
      7
    ],
    [
      2,
      2,
      12
    ]
  ],
  "classification_report": {
    "Yes": {
      "precision": 0.6842105263157895,
      "recall": 0.5416666666666666,
      "f1-score": 0.6046511627906976,
      "support": 24.0
    },
    "No - Unrelated event": {
      "precision": 0.9661016949152542,
      "recall": 0.8382352941176471,
      "f1-score": 0.8976377952755905,
      "support": 68.0
    },
    "No - condition(s) not met": {
      "precision": 0.4,
      "recall": 0.75,
      "f1-score": 0.5217391304347826,
      "support": 16.0
    },
    "accuracy": 0.7592592592592593,
    "macro avg": {
      "precision": 0.6834374070770145,
      "recall": 0.7099673202614379,
      "f1-score": 0.674676029500357,
      "support": 108.0
    },
    "weighted avg": {
      "precision": 0.8195922952390392,
      "recall": 0.7592592592592593,
      "f1-score": 0.776840963635865,
      "support": 108.0
    }
  },
  "k_configuration": "complete-policy",
  "experiment_timestamp": "24-07-25--12-20-00"
}