{
  "confusion_matrix": [
    [
      13,
      2,
      9
    ],
    [
      5,
      52,
      11
    ],
    [
      3,
      3,
      10
    ]
  ],
  "classification_report": {
    "Yes": {
      "precision": 0.6190476190476191,
      "recall": 0.5416666666666666,
      "f1-score": 0.5777777777777777,
      "support": 24.0
    },
    "No - Unrelated event": {
      "precision": 0.9122807017543859,
      "recall": 0.7647058823529411,
      "f1-score": 0.832,
      "support": 68.0
    },
    "No - condition(s) not met": {
      "precision": 0.3333333333333333,
      "recall": 0.625,
      "f1-score": 0.43478260869565216,
      "support": 16.0
    },
    "accuracy": 0.6944444444444444,
    "macro avg": {
      "precision": 0.6215538847117794,
      "recall": 0.6437908496732025,
      "f1-score": 0.61485346215781,
      "support": 108.0
    },
    "weighted avg": {
      "precision": 0.7613478139793928,
      "recall": 0.6944444444444444,
      "f1-score": 0.7166591519055288,
      "support": 108.0
    }
  },
  "k_configuration": "k=3",
  "experiment_timestamp": "31-07-25--05-57-43",
  "prompt_name": "precise_v5"
}