{
  "confusion_matrix": [
    [
      11,
      0,
      13
    ],
    [
      6,
      52,
      10
    ],
    [
      4,
      0,
      12
    ]
  ],
  "classification_report": {
    "Yes": {
      "precision": 0.5238095238095238,
      "recall": 0.4583333333333333,
      "f1-score": 0.4888888888888889,
      "support": 24.0
    },
    "No - Unrelated event": {
      "precision": 1.0,
      "recall": 0.7647058823529411,
      "f1-score": 0.8666666666666667,
      "support": 68.0
    },
    "No - condition(s) not met": {
      "precision": 0.34285714285714286,
      "recall": 0.75,
      "f1-score": 0.47058823529411764,
      "support": 16.0
    },
    "accuracy": 0.6944444444444444,
    "macro avg": {
      "precision": 0.6222222222222222,
      "recall": 0.6576797385620915,
      "f1-score": 0.6087145969498912,
      "support": 108.0
    },
    "weighted avg": {
      "precision": 0.7968253968253968,
      "recall": 0.6944444444444444,
      "f1-score": 0.7240377632534496,
      "support": 108.0
    }
  },
  "k_configuration": "complete-policy",
  "experiment_timestamp": "24-07-25--09-59-29"
}