{
  "confusion_matrix": [
    [
      11,
      3,
      9
    ],
    [
      4,
      21,
      43
    ],
    [
      2,
      2,
      11
    ]
  ],
  "classification_report": {
    "Yes": {
      "precision": 0.6470588235294118,
      "recall": 0.4583333333333333,
      "f1-score": 0.5365853658536586,
      "support": 24.0
    },
    "No - Unrelated event": {
      "precision": 0.8076923076923077,
      "recall": 0.3088235294117647,
      "f1-score": 0.44680851063829785,
      "support": 68.0
    },
    "No - condition(s) not met": {
      "precision": 0.1746031746031746,
      "recall": 0.6875,
      "f1-score": 0.27848101265822783,
      "support": 16.0
    },
    "micro avg": {
      "precision": 0.4056603773584906,
      "recall": 0.39814814814814814,
      "f1-score": 0.40186915887850466,
      "support": 108.0
    },
    "macro avg": {
      "precision": 0.5431181019416315,
      "recall": 0.4848856209150327,
      "f1-score": 0.4206249630500614,
      "support": 108.0
    },
    "weighted avg": {
      "precision": 0.6782049951984594,
      "recall": 0.39814814814814814,
      "f1-score": 0.4418215158002195,
      "support": 108.0
    }
  },
  "k_configuration": "k=3",
  "experiment_timestamp": "30-07-25--12-07-54",
  "prompt_name": "precise_v5"
}