{
  "model_name": "microsoft_phi-4",
  "k_configuration": "k=3",
  "experiment_timestamp": "31-07-25--05-57-43",
  "prompt_name": "precise_v5",
  "total_output_questions": 108,
  "total_evaluated_questions": 108,
  "outcome_classification": {
    "accuracy": 0.6944444444444444,
    "category_metrics": {
      "Yes": {
        "precision": 0.6190476190476191,
        "recall": 0.5416666666666666,
        "f1-score": 0.5777777777777777,
        "support": 24.0
      },
      "No - Unrelated event": {
        "precision": 0.9122807017543859,
        "recall": 0.7647058823529411,
        "f1-score": 0.832,
        "support": 68.0
      },
      "No - condition(s) not met": {
        "precision": 0.3333333333333333,
        "recall": 0.625,
        "f1-score": 0.43478260869565216,
        "support": 16.0
      }
    }
  },
  "exact_outcome_matches": 75,
  "exact_outcome_match_percentage": 69.44444444444444,
  "avg_justification_similarity": 0.5723911082143361,
  "avg_justification_iou": 0.5342595433758757,
  "avg_payment_similarity": 0.6738458409011533,
  "avg_combined_justification_similarity": 0.6231184745577448
}