{
  "model_name": "microsoft_phi-4",
  "k_configuration": "k=3",
  "total_output_questions": 108,
  "total_evaluated_questions": 108,
  "outcome_classification": {
    "accuracy": 0.6666666666666666,
    "category_metrics": {
      "Yes": {
        "precision": 0.5652173913043478,
        "recall": 0.5416666666666666,
        "f1-score": 0.5531914893617021,
        "support": 24.0
      },
      "No - Unrelated event": {
        "precision": 0.875,
        "recall": 0.7205882352941176,
        "f1-score": 0.7903225806451613,
        "support": 68.0
      },
      "No - condition(s) not met": {
        "precision": 0.35714285714285715,
        "recall": 0.625,
        "f1-score": 0.45454545454545453,
        "support": 16.0
      }
    }
  },
  "exact_outcome_matches": 72,
  "exact_outcome_match_percentage": 66.66666666666666,
  "avg_justification_similarity": 0.5392907568502985,
  "avg_justification_iou": 0.5081231155903313,
  "avg_payment_similarity": 0.6189124590158647,
  "avg_combined_justification_similarity": 0.5791016079330816
}