{
  "model_name": "microsoft_phi-4",
  "k_configuration": "k=3",
  "experiment_timestamp": "30-07-25--12-07-54",
  "prompt_name": "precise_v5",
  "total_output_questions": 108,
  "total_evaluated_questions": 108,
  "outcome_classification": {
    "accuracy": 0.39814814814814814,
    "category_metrics": {
      "Yes": {
        "precision": 0.6470588235294118,
        "recall": 0.4583333333333333,
        "f1-score": 0.5365853658536586,
        "support": 24.0
      },
      "No - Unrelated event": {
        "precision": 0.8076923076923077,
        "recall": 0.3088235294117647,
        "f1-score": 0.44680851063829785,
        "support": 68.0
      },
      "No - condition(s) not met": {
        "precision": 0.1746031746031746,
        "recall": 0.6875,
        "f1-score": 0.27848101265822783,
        "support": 16.0
      }
    }
  },
  "exact_outcome_matches": 43,
  "exact_outcome_match_percentage": 39.81481481481482,
  "avg_justification_similarity": 0.11536640004410154,
  "avg_justification_iou": 0.07690245000343617,
  "avg_payment_similarity": 0.7862708583565365,
  "avg_combined_justification_similarity": 0.45081862920031907
}