{
  "confusion_matrix": [
    [
      13,
      10,
      1
    ],
    [
      2,
      63,
      3
    ],
    [
      3,
      8,
      5
    ]
  ],
  "classification_report": {
    "Yes": {
      "precision": 0.7222222222222222,
      "recall": 0.5416666666666666,
      "f1-score": 0.6190476190476191,
      "support": 24.0
    },
    "No - Unrelated event": {
      "precision": 0.7777777777777778,
      "recall": 0.9264705882352942,
      "f1-score": 0.8456375838926175,
      "support": 68.0
    },
    "No - condition(s) not met": {
      "precision": 0.5555555555555556,
      "recall": 0.3125,
      "f1-score": 0.4,
      "support": 16.0
    },
    "accuracy": 0.75,
    "macro avg": {
      "precision": 0.6851851851851851,
      "recall": 0.5935457516339869,
      "f1-score": 0.6215617343134121,
      "support": 108.0
    },
    "weighted avg": {
      "precision": 0.7325102880658436,
      "recall": 0.75,
      "f1-score": 0.7292638755726004,
      "support": 108.0
    }
  }
}