{
  "confusion_matrix": [
    [
      12,
      7,
      5
    ],
    [
      5,
      62,
      1
    ],
    [
      3,
      9,
      4
    ]
  ],
  "classification_report": {
    "Yes": {
      "precision": 0.6,
      "recall": 0.5,
      "f1-score": 0.5454545454545454,
      "support": 24.0
    },
    "No - Unrelated event": {
      "precision": 0.7948717948717948,
      "recall": 0.9117647058823529,
      "f1-score": 0.8493150684931506,
      "support": 68.0
    },
    "No - condition(s) not met": {
      "precision": 0.4,
      "recall": 0.25,
      "f1-score": 0.3076923076923077,
      "support": 16.0
    },
    "accuracy": 0.7222222222222222,
    "macro avg": {
      "precision": 0.5982905982905983,
      "recall": 0.5539215686274509,
      "f1-score": 0.5674873072133345,
      "support": 108.0
    },
    "weighted avg": {
      "precision": 0.6930674264007598,
      "recall": 0.7222222222222222,
      "f1-score": 0.7015500988103727,
      "support": 108.0
    }
  }
}