{
  "confusion_matrix": [
    [
      11,
      3,
      10
    ],
    [
      2,
      49,
      17
    ],
    [
      0,
      5,
      11
    ]
  ],
  "classification_report": {
    "Yes": {
      "precision": 0.8461538461538461,
      "recall": 0.4583333333333333,
      "f1-score": 0.5945945945945946,
      "support": 24.0
    },
    "No - Unrelated event": {
      "precision": 0.8596491228070176,
      "recall": 0.7205882352941176,
      "f1-score": 0.784,
      "support": 68.0
    },
    "No - condition(s) not met": {
      "precision": 0.2894736842105263,
      "recall": 0.6875,
      "f1-score": 0.4074074074074074,
      "support": 16.0
    },
    "accuracy": 0.6574074074074074,
    "macro avg": {
      "precision": 0.6650922177237967,
      "recall": 0.622140522875817,
      "f1-score": 0.595334000667334,
      "support": 108.0
    },
    "weighted avg": {
      "precision": 0.7721797370920178,
      "recall": 0.6574074074074074,
      "f1-score": 0.6861184147110073,
      "support": 108.0
    }
  }
}