{
  "confusion_matrix": [
    [
      4,
      20,
      0
    ],
    [
      5,
      63,
      0
    ],
    [
      0,
      16,
      0
    ]
  ],
  "classification_report": {
    "Yes": {
      "precision": 0.4444444444444444,
      "recall": 0.16666666666666666,
      "f1-score": 0.24242424242424243,
      "support": 24.0
    },
    "No - Unrelated event": {
      "precision": 0.6363636363636364,
      "recall": 0.9264705882352942,
      "f1-score": 0.7544910179640718,
      "support": 68.0
    },
    "No - condition(s) not met": {
      "precision": 0.0,
      "recall": 0.0,
      "f1-score": 0.0,
      "support": 16.0
    },
    "accuracy": 0.6203703703703703,
    "macro avg": {
      "precision": 0.3602693602693603,
      "recall": 0.3643790849673203,
      "f1-score": 0.33230508679610476,
      "support": 108.0
    },
    "weighted avg": {
      "precision": 0.4994388327721661,
      "recall": 0.6203703703703703,
      "f1-score": 0.5289219540716547,
      "support": 108.0
    }
  }
}