{
  "confusion_matrix": [
    [
      4,
      6,
      8
    ],
    [
      2,
      61,
      3
    ],
    [
      0,
      7,
      9
    ]
  ],
  "classification_report": {
    "Yes": {
      "precision": 0.6666666666666666,
      "recall": 0.16666666666666666,
      "f1-score": 0.26666666666666666,
      "support": 24.0
    },
    "No - Unrelated event": {
      "precision": 0.8243243243243243,
      "recall": 0.8970588235294118,
      "f1-score": 0.8591549295774648,
      "support": 68.0
    },
    "No - condition(s) not met": {
      "precision": 0.45,
      "recall": 0.5625,
      "f1-score": 0.5,
      "support": 16.0
    },
    "micro avg": {
      "precision": 0.74,
      "recall": 0.6851851851851852,
      "f1-score": 0.7115384615384616,
      "support": 108.0
    },
    "macro avg": {
      "precision": 0.646996996996997,
      "recall": 0.5420751633986928,
      "f1-score": 0.5419405320813772,
      "support": 108.0
    },
    "weighted avg": {
      "precision": 0.7338338338338339,
      "recall": 0.6851851851851852,
      "f1-score": 0.674282733437663,
      "support": 108.0
    }
  }
}