{
  "confusion_matrix": [
    [
      0,
      24,
      0
    ],
    [
      0,
      68,
      0
    ],
    [
      0,
      16,
      0
    ]
  ],
  "classification_report": {
    "Yes": {
      "precision": 0.0,
      "recall": 0.0,
      "f1-score": 0.0,
      "support": 24.0
    },
    "No - Unrelated event": {
      "precision": 0.6296296296296297,
      "recall": 1.0,
      "f1-score": 0.7727272727272727,
      "support": 68.0
    },
    "No - condition(s) not met": {
      "precision": 0.0,
      "recall": 0.0,
      "f1-score": 0.0,
      "support": 16.0
    },
    "accuracy": 0.6296296296296297,
    "macro avg": {
      "precision": 0.20987654320987656,
      "recall": 0.3333333333333333,
      "f1-score": 0.25757575757575757,
      "support": 108.0
    },
    "weighted avg": {
      "precision": 0.39643347050754457,
      "recall": 0.6296296296296297,
      "f1-score": 0.48653198653198654,
      "support": 108.0
    }
  }
}