{
  "confusion_matrix": [
    [
      7,
      5,
      9
    ],
    [
      0,
      61,
      4
    ],
    [
      0,
      7,
      9
    ]
  ],
  "classification_report": {
    "Yes": {
      "precision": 1.0,
      "recall": 0.2916666666666667,
      "f1-score": 0.45161290322580644,
      "support": 24.0
    },
    "No - Unrelated event": {
      "precision": 0.8356164383561644,
      "recall": 0.8970588235294118,
      "f1-score": 0.8652482269503546,
      "support": 68.0
    },
    "No - condition(s) not met": {
      "precision": 0.4090909090909091,
      "recall": 0.5625,
      "f1-score": 0.47368421052631576,
      "support": 16.0
    },
    "micro avg": {
      "precision": 0.7549019607843137,
      "recall": 0.7129629629629629,
      "f1-score": 0.7333333333333333,
      "support": 108.0
    },
    "macro avg": {
      "precision": 0.7482357824823578,
      "recall": 0.5837418300653595,
      "f1-score": 0.5968484469008256,
      "support": 108.0
    },
    "weighted avg": {
      "precision": 0.8089571514229049,
      "recall": 0.7129629629629629,
      "f1-score": 0.715319782208005,
      "support": 108.0
    }
  }
}