{
  "confusion_matrix": [
    [
      5,
      6,
      12
    ],
    [
      3,
      58,
      5
    ],
    [
      0,
      5,
      11
    ]
  ],
  "classification_report": {
    "Yes": {
      "precision": 0.625,
      "recall": 0.20833333333333334,
      "f1-score": 0.3125,
      "support": 24.0
    },
    "No - Unrelated event": {
      "precision": 0.8405797101449275,
      "recall": 0.8529411764705882,
      "f1-score": 0.8467153284671532,
      "support": 68.0
    },
    "No - condition(s) not met": {
      "precision": 0.39285714285714285,
      "recall": 0.6875,
      "f1-score": 0.5,
      "support": 16.0
    },
    "micro avg": {
      "precision": 0.7047619047619048,
      "recall": 0.6851851851851852,
      "f1-score": 0.6948356807511737,
      "support": 108.0
    },
    "macro avg": {
      "precision": 0.6194789510006901,
      "recall": 0.5829248366013072,
      "f1-score": 0.5530717761557177,
      "support": 108.0
    },
    "weighted avg": {
      "precision": 0.7263438386626793,
      "recall": 0.6851851851851852,
      "f1-score": 0.6766355771830225,
      "support": 108.0
    }
  }
}