{
  "confusion_matrix": [
    [
      5,
      5,
      10
    ],
    [
      2,
      61,
      5
    ],
    [
      0,
      6,
      10
    ]
  ],
  "classification_report": {
    "Yes": {
      "precision": 0.7142857142857143,
      "recall": 0.20833333333333334,
      "f1-score": 0.3225806451612903,
      "support": 24.0
    },
    "No - Unrelated event": {
      "precision": 0.8472222222222222,
      "recall": 0.8970588235294118,
      "f1-score": 0.8714285714285714,
      "support": 68.0
    },
    "No - condition(s) not met": {
      "precision": 0.4,
      "recall": 0.625,
      "f1-score": 0.4878048780487805,
      "support": 16.0
    },
    "micro avg": {
      "precision": 0.7307692307692307,
      "recall": 0.7037037037037037,
      "f1-score": 0.7169811320754716,
      "support": 108.0
    },
    "macro avg": {
      "precision": 0.6538359788359789,
      "recall": 0.5767973856209151,
      "f1-score": 0.5606046982128807,
      "support": 108.0
    },
    "weighted avg": {
      "precision": 0.7514256319811876,
      "recall": 0.7037037037037037,
      "f1-score": 0.6926292258314288,
      "support": 108.0
    }
  }
}