{
  "confusion_matrix": [
    [
      5,
      5,
      12
    ],
    [
      2,
      54,
      9
    ],
    [
      1,
      6,
      9
    ]
  ],
  "classification_report": {
    "Yes": {
      "precision": 0.625,
      "recall": 0.20833333333333334,
      "f1-score": 0.3125,
      "support": 24.0
    },
    "No - Unrelated event": {
      "precision": 0.8307692307692308,
      "recall": 0.7941176470588235,
      "f1-score": 0.8120300751879699,
      "support": 68.0
    },
    "No - condition(s) not met": {
      "precision": 0.3,
      "recall": 0.5625,
      "f1-score": 0.391304347826087,
      "support": 16.0
    },
    "micro avg": {
      "precision": 0.6601941747572816,
      "recall": 0.6296296296296297,
      "f1-score": 0.6445497630331753,
      "support": 108.0
    },
    "macro avg": {
      "precision": 0.5852564102564103,
      "recall": 0.5216503267973857,
      "f1-score": 0.5052781410046856,
      "support": 108.0
    },
    "weighted avg": {
      "precision": 0.7064102564102563,
      "recall": 0.6296296296296297,
      "f1-score": 0.6386936544259199,
      "support": 108.0
    }
  }
}