{
  "confusion_matrix": [
    [
      11,
      3,
      10
    ],
    [
      3,
      53,
      12
    ],
    [
      0,
      4,
      12
    ]
  ],
  "classification_report": {
    "Yes": {
      "precision": 0.7857142857142857,
      "recall": 0.4583333333333333,
      "f1-score": 0.5789473684210527,
      "support": 24.0
    },
    "No - Unrelated event": {
      "precision": 0.8833333333333333,
      "recall": 0.7794117647058824,
      "f1-score": 0.828125,
      "support": 68.0
    },
    "No - condition(s) not met": {
      "precision": 0.35294117647058826,
      "recall": 0.75,
      "f1-score": 0.48,
      "support": 16.0
    },
    "accuracy": 0.7037037037037037,
    "macro avg": {
      "precision": 0.6739962651727357,
      "recall": 0.6625816993464052,
      "f1-score": 0.6290241228070176,
      "support": 108.0
    },
    "weighted avg": {
      "precision": 0.7830635958086938,
      "recall": 0.7037037037037037,
      "f1-score": 0.7211781189083821,
      "support": 108.0
    }
  }
}