{
  "confusion_matrix": [
    [
      6,
      9,
      6
    ],
    [
      1,
      61,
      5
    ],
    [
      0,
      8,
      8
    ]
  ],
  "classification_report": {
    "Yes": {
      "precision": 0.8571428571428571,
      "recall": 0.25,
      "f1-score": 0.3870967741935484,
      "support": 24.0
    },
    "No - Unrelated event": {
      "precision": 0.782051282051282,
      "recall": 0.8970588235294118,
      "f1-score": 0.8356164383561644,
      "support": 68.0
    },
    "No - condition(s) not met": {
      "precision": 0.42105263157894735,
      "recall": 0.5,
      "f1-score": 0.45714285714285713,
      "support": 16.0
    },
    "micro avg": {
      "precision": 0.7211538461538461,
      "recall": 0.6944444444444444,
      "f1-score": 0.7075471698113207,
      "support": 108.0
    },
    "macro avg": {
      "precision": 0.6867489235910288,
      "recall": 0.5490196078431372,
      "f1-score": 0.5599520232308566,
      "support": 108.0
    },
    "weighted avg": {
      "precision": 0.7452570171868418,
      "recall": 0.6944444444444444,
      "f1-score": 0.6798752416958338,
      "support": 108.0
    }
  }
}