{
  "confusion_matrix": [
    [
      8,
      4,
      12
    ],
    [
      2,
      54,
      12
    ],
    [
      0,
      4,
      12
    ]
  ],
  "classification_report": {
    "Yes": {
      "precision": 0.8,
      "recall": 0.3333333333333333,
      "f1-score": 0.47058823529411764,
      "support": 24.0
    },
    "No - Unrelated event": {
      "precision": 0.8709677419354839,
      "recall": 0.7941176470588235,
      "f1-score": 0.8307692307692308,
      "support": 68.0
    },
    "No - condition(s) not met": {
      "precision": 0.3333333333333333,
      "recall": 0.75,
      "f1-score": 0.46153846153846156,
      "support": 16.0
    },
    "accuracy": 0.6851851851851852,
    "macro avg": {
      "precision": 0.6681003584229391,
      "recall": 0.6258169934640523,
      "f1-score": 0.58763197586727,
      "support": 108.0
    },
    "weighted avg": {
      "precision": 0.7755475906013541,
      "recall": 0.6851851851851852,
      "f1-score": 0.6960281548516843,
      "support": 108.0
    }
  }
}