{
  "confusion_matrix": [
    [
      13,
      3,
      8
    ],
    [
      4,
      47,
      17
    ],
    [
      3,
      5,
      8
    ]
  ],
  "classification_report": {
    "Yes": {
      "precision": 0.65,
      "recall": 0.5416666666666666,
      "f1-score": 0.5909090909090909,
      "support": 24.0
    },
    "No - Unrelated event": {
      "precision": 0.8545454545454545,
      "recall": 0.6911764705882353,
      "f1-score": 0.7642276422764228,
      "support": 68.0
    },
    "No - condition(s) not met": {
      "precision": 0.24242424242424243,
      "recall": 0.5,
      "f1-score": 0.32653061224489793,
      "support": 16.0
    },
    "accuracy": 0.6296296296296297,
    "macro avg": {
      "precision": 0.5823232323232322,
      "recall": 0.5776143790849674,
      "f1-score": 0.5605557818101372,
      "support": 108.0
    },
    "weighted avg": {
      "precision": 0.7184062850729518,
      "recall": 0.6296296296296297,
      "f1-score": 0.6608684041901233,
      "support": 108.0
    }
  }
}