{
  "model_name": "qwen3-235b-a22b:free",
  "total_output_questions": 108,
  "total_evaluated_questions": 108,
  "outcome_classification": {
    "accuracy": 0.6111111111111112,
    "category_metrics": {
      "Yes": {
        "precision": 0.7,
        "recall": 0.5833333333333334,
        "f1-score": 0.6363636363636364,
        "support": 24.0
      },
      "No - Unrelated event": {
        "precision": 0.8653846153846154,
        "recall": 0.6617647058823529,
        "f1-score": 0.75,
        "support": 68.0
      },
      "No - condition(s) not met": {
        "precision": 0.19444444444444445,
        "recall": 0.4375,
        "f1-score": 0.2692307692307692,
        "support": 16.0
      }
    }
  },
  "exact_outcome_matches": 66,
  "exact_outcome_match_percentage": 61.111111111111114,
  "avg_justification_similarity": 0.19985087485383152,
  "avg_justification_iou": 0.15544722317552553,
  "avg_payment_similarity": 0.8273106503532118,
  "avg_combined_justification_similarity": 0.5135807626035218
}