{
  "model_name": "qwen3-235b-a22b:free",
  "total_output_questions": 108,
  "total_evaluated_questions": 108,
  "outcome_classification": {
    "accuracy": 0.6666666666666666,
    "category_metrics": {
      "Yes": {
        "precision": 0.65,
        "recall": 0.5416666666666666,
        "f1-score": 0.5909090909090909,
        "support": 24.0
      },
      "No - Unrelated event": {
        "precision": 0.8771929824561403,
        "recall": 0.7352941176470589,
        "f1-score": 0.8,
        "support": 68.0
      },
      "No - condition(s) not met": {
        "precision": 0.2903225806451613,
        "recall": 0.5625,
        "f1-score": 0.3829787234042553,
        "support": 16.0
      }
    }
  },
  "exact_outcome_matches": 72,
  "exact_outcome_match_percentage": 66.66666666666666,
  "avg_justification_similarity": 0.6296296296296297,
  "avg_justification_iou": 0.6296296296296297,
  "avg_payment_similarity": 0.8518518518518519,
  "avg_combined_justification_similarity": 0.7407407407407407
}