{
  "model_name": "qwen3-235b-a22b:free",
  "total_output_questions": 108,
  "total_evaluated_questions": 108,
  "outcome_classification": {
    "accuracy": 0.6018518518518519,
    "category_metrics": {
      "Yes": {
        "precision": 0.5882352941176471,
        "recall": 0.4166666666666667,
        "f1-score": 0.4878048780487805,
        "support": 24.0
      },
      "No - Unrelated event": {
        "precision": 0.8571428571428571,
        "recall": 0.7058823529411765,
        "f1-score": 0.7741935483870968,
        "support": 68.0
      },
      "No - condition(s) not met": {
        "precision": 0.2,
        "recall": 0.4375,
        "f1-score": 0.27450980392156865,
        "support": 16.0
      }
    }
  },
  "exact_outcome_matches": 65,
  "exact_outcome_match_percentage": 60.18518518518518,
  "avg_justification_similarity": 0.25456955481916044,
  "avg_justification_iou": 0.21022269531425344,
  "avg_payment_similarity": 0.7929625194256863,
  "avg_combined_justification_similarity": 0.5237660371224234
}