{
  "model_name": "qwen3-235b-a22b:free",
  "total_output_questions": 108,
  "total_evaluated_questions": 108,
  "outcome_classification": {
    "accuracy": 0.6018518518518519,
    "category_metrics": {
      "Yes": {
        "precision": 0.6666666666666666,
        "recall": 0.5833333333333334,
        "f1-score": 0.6222222222222222,
        "support": 24.0
      },
      "No - Unrelated event": {
        "precision": 0.8490566037735849,
        "recall": 0.6617647058823529,
        "f1-score": 0.743801652892562,
        "support": 68.0
      },
      "No - condition(s) not met": {
        "precision": 0.17647058823529413,
        "recall": 0.375,
        "f1-score": 0.24,
        "support": 16.0
      }
    }
  },
  "exact_outcome_matches": 65,
  "exact_outcome_match_percentage": 60.18518518518518,
  "avg_justification_similarity": 0.6296296296296297,
  "avg_justification_iou": 0.6296296296296297,
  "avg_payment_similarity": 0.8518518518518519,
  "avg_combined_justification_similarity": 0.7407407407407407
}