{
  "model_name": "qwen3-235b-a22b:free",
  "total_output_questions": 108,
  "total_evaluated_questions": 108,
  "outcome_classification": {
    "accuracy": 0.6851851851851852,
    "category_metrics": {
      "Yes": {
        "precision": 0.6666666666666666,
        "recall": 0.16666666666666666,
        "f1-score": 0.26666666666666666,
        "support": 24.0
      },
      "No - Unrelated event": {
        "precision": 0.8243243243243243,
        "recall": 0.8970588235294118,
        "f1-score": 0.8591549295774648,
        "support": 68.0
      },
      "No - condition(s) not met": {
        "precision": 0.45,
        "recall": 0.5625,
        "f1-score": 0.5,
        "support": 16.0
      }
    }
  },
  "exact_outcome_matches": 74,
  "exact_outcome_match_percentage": 68.51851851851852,
  "avg_justification_similarity": 0.6140623090997834,
  "avg_justification_iou": 0.5891143692089502,
  "avg_payment_similarity": 0.8098236725934567,
  "avg_combined_justification_similarity": 0.71194299084662
}