{
  "model_name": "qwen3-235b-a22b:free",
  "total_output_questions": 108,
  "total_evaluated_questions": 108,
  "outcome_classification": {
    "accuracy": 0.6944444444444444,
    "category_metrics": {
      "Yes": {
        "precision": 0.8571428571428571,
        "recall": 0.25,
        "f1-score": 0.3870967741935484,
        "support": 24.0
      },
      "No - Unrelated event": {
        "precision": 0.782051282051282,
        "recall": 0.8970588235294118,
        "f1-score": 0.8356164383561644,
        "support": 68.0
      },
      "No - condition(s) not met": {
        "precision": 0.42105263157894735,
        "recall": 0.5,
        "f1-score": 0.45714285714285713,
        "support": 16.0
      }
    }
  },
  "exact_outcome_matches": 75,
  "exact_outcome_match_percentage": 69.44444444444444,
  "avg_justification_similarity": 0.6296296296296297,
  "avg_justification_iou": 0.6296296296296297,
  "avg_payment_similarity": 0.8518518518518519,
  "avg_combined_justification_similarity": 0.7407407407407407
}