{
  "model_name": "qwen3-235b-a22b:free",
  "total_output_questions": 108,
  "total_evaluated_questions": 108,
  "outcome_classification": {
    "accuracy": 0.6851851851851852,
    "category_metrics": {
      "Yes": {
        "precision": 0.625,
        "recall": 0.20833333333333334,
        "f1-score": 0.3125,
        "support": 24.0
      },
      "No - Unrelated event": {
        "precision": 0.8405797101449275,
        "recall": 0.8529411764705882,
        "f1-score": 0.8467153284671532,
        "support": 68.0
      },
      "No - condition(s) not met": {
        "precision": 0.39285714285714285,
        "recall": 0.6875,
        "f1-score": 0.5,
        "support": 16.0
      }
    }
  },
  "exact_outcome_matches": 74,
  "exact_outcome_match_percentage": 68.51851851851852,
  "avg_justification_similarity": 0.5826484459071001,
  "avg_justification_iou": 0.5533280319515229,
  "avg_payment_similarity": 0.8090183672858396,
  "avg_combined_justification_similarity": 0.6958334065964699
}