{
  "model_name": "qwen3-235b-a22b:free",
  "total_output_questions": 108,
  "total_evaluated_questions": 108,
  "outcome_classification": {
    "accuracy": 0.7129629629629629,
    "category_metrics": {
      "Yes": {
        "precision": 1.0,
        "recall": 0.2916666666666667,
        "f1-score": 0.45161290322580644,
        "support": 24.0
      },
      "No - Unrelated event": {
        "precision": 0.8356164383561644,
        "recall": 0.8970588235294118,
        "f1-score": 0.8652482269503546,
        "support": 68.0
      },
      "No - condition(s) not met": {
        "precision": 0.4090909090909091,
        "recall": 0.5625,
        "f1-score": 0.47368421052631576,
        "support": 16.0
      }
    }
  },
  "exact_outcome_matches": 77,
  "exact_outcome_match_percentage": 71.29629629629629,
  "avg_justification_similarity": 0.5593915089518454,
  "avg_justification_iou": 0.5343016400048509,
  "avg_payment_similarity": 0.8378974224680903,
  "avg_combined_justification_similarity": 0.6986444657099677
}