{
  "model_name": "qwen3-235b-a22b:free",
  "total_output_questions": 108,
  "total_evaluated_questions": 108,
  "outcome_classification": {
    "accuracy": 0.7037037037037037,
    "category_metrics": {
      "Yes": {
        "precision": 0.7142857142857143,
        "recall": 0.20833333333333334,
        "f1-score": 0.3225806451612903,
        "support": 24.0
      },
      "No - Unrelated event": {
        "precision": 0.8472222222222222,
        "recall": 0.8970588235294118,
        "f1-score": 0.8714285714285714,
        "support": 68.0
      },
      "No - condition(s) not met": {
        "precision": 0.4,
        "recall": 0.625,
        "f1-score": 0.4878048780487805,
        "support": 16.0
      }
    }
  },
  "exact_outcome_matches": 76,
  "exact_outcome_match_percentage": 70.37037037037037,
  "avg_justification_similarity": 0.5644135337384353,
  "avg_justification_iou": 0.5337452254574951,
  "avg_payment_similarity": 0.8161741752629773,
  "avg_combined_justification_similarity": 0.6902938545007062
}