{
  "model_name": "qwen3-235b-a22b:free",
  "total_output_questions": 108,
  "total_evaluated_questions": 108,
  "outcome_classification": {
    "accuracy": 0.6574074074074074,
    "category_metrics": {
      "Yes": {
        "precision": 0.8461538461538461,
        "recall": 0.4583333333333333,
        "f1-score": 0.5945945945945946,
        "support": 24.0
      },
      "No - Unrelated event": {
        "precision": 0.8596491228070176,
        "recall": 0.7205882352941176,
        "f1-score": 0.784,
        "support": 68.0
      },
      "No - condition(s) not met": {
        "precision": 0.2894736842105263,
        "recall": 0.6875,
        "f1-score": 0.4074074074074074,
        "support": 16.0
      }
    }
  },
  "exact_outcome_matches": 71,
  "exact_outcome_match_percentage": 65.74074074074075,
  "avg_justification_similarity": 0.6296296296296297,
  "avg_justification_iou": 0.6296296296296297,
  "avg_payment_similarity": 0.8518518518518519,
  "avg_combined_justification_similarity": 0.7407407407407407
}