{
  "model_name": "qwen3-235b-a22b:free",
  "total_output_questions": 108,
  "total_evaluated_questions": 108,
  "outcome_classification": {
    "accuracy": 0.6851851851851852,
    "category_metrics": {
      "Yes": {
        "precision": 0.8,
        "recall": 0.3333333333333333,
        "f1-score": 0.47058823529411764,
        "support": 24.0
      },
      "No - Unrelated event": {
        "precision": 0.8709677419354839,
        "recall": 0.7941176470588235,
        "f1-score": 0.8307692307692308,
        "support": 68.0
      },
      "No - condition(s) not met": {
        "precision": 0.3333333333333333,
        "recall": 0.75,
        "f1-score": 0.46153846153846156,
        "support": 16.0
      }
    }
  },
  "exact_outcome_matches": 74,
  "exact_outcome_match_percentage": 68.51851851851852,
  "avg_justification_similarity": 0.6296296296296297,
  "avg_justification_iou": 0.6296296296296297,
  "avg_payment_similarity": 0.8518518518518519,
  "avg_combined_justification_similarity": 0.7407407407407407
}