{
  "model_name": "qwen3-235b-a22b:free",
  "total_output_questions": 108,
  "total_evaluated_questions": 108,
  "outcome_classification": {
    "accuracy": 0.6851851851851852,
    "category_metrics": {
      "Yes": {
        "precision": 0.6666666666666666,
        "recall": 0.16666666666666666,
        "f1-score": 0.26666666666666666,
        "support": 24.0
      },
      "No - Unrelated event": {
        "precision": 0.8695652173913043,
        "recall": 0.8823529411764706,
        "f1-score": 0.8759124087591241,
        "support": 68.0
      },
      "No - condition(s) not met": {
        "precision": 0.4,
        "recall": 0.625,
        "f1-score": 0.4878048780487805,
        "support": 16.0
      }
    }
  },
  "exact_outcome_matches": 74,
  "exact_outcome_match_percentage": 68.51851851851852,
  "avg_justification_similarity": 0.5601940695890976,
  "avg_justification_iou": 0.5326168098498083,
  "avg_payment_similarity": 0.8183643561341404,
  "avg_combined_justification_similarity": 0.6892792128616189
}