{
  "model_name": "qwen3-235b-a22b:free",
  "total_output_questions": 108,
  "total_evaluated_questions": 108,
  "outcome_classification": {
    "accuracy": 0.75,
    "category_metrics": {
      "Yes": {
        "precision": 0.9,
        "recall": 0.375,
        "f1-score": 0.5294117647058824,
        "support": 24.0
      },
      "No - Unrelated event": {
        "precision": 0.8289473684210527,
        "recall": 0.9264705882352942,
        "f1-score": 0.875,
        "support": 68.0
      },
      "No - condition(s) not met": {
        "precision": 0.6,
        "recall": 0.5625,
        "f1-score": 0.5806451612903226,
        "support": 16.0
      }
    }
  },
  "exact_outcome_matches": 81,
  "exact_outcome_match_percentage": 75.0,
  "avg_justification_similarity": 0.6419734982041383,
  "avg_justification_iou": 0.6131491171863958,
  "avg_payment_similarity": 0.8240974028173093,
  "avg_combined_justification_similarity": 0.7330354505107237
}