{
  "model_name": "qwen3-235b-a22b:free",
  "total_output_questions": 108,
  "total_evaluated_questions": 108,
  "outcome_classification": {
    "accuracy": 0.6296296296296297,
    "category_metrics": {
      "Yes": {
        "precision": 0.625,
        "recall": 0.20833333333333334,
        "f1-score": 0.3125,
        "support": 24.0
      },
      "No - Unrelated event": {
        "precision": 0.8307692307692308,
        "recall": 0.7941176470588235,
        "f1-score": 0.8120300751879699,
        "support": 68.0
      },
      "No - condition(s) not met": {
        "precision": 0.3,
        "recall": 0.5625,
        "f1-score": 0.391304347826087,
        "support": 16.0
      }
    }
  },
  "exact_outcome_matches": 68,
  "exact_outcome_match_percentage": 62.96296296296296,
  "avg_justification_similarity": 0.5739156224197937,
  "avg_justification_iou": 0.5447035249789244,
  "avg_payment_similarity": 0.826474781374195,
  "avg_combined_justification_similarity": 0.7001952018969944
}