{
  "confusion_matrix": [
    [
      2,
      0,
      3
    ],
    [
      2,
      27,
      0
    ],
    [
      2,
      2,
      1
    ]
  ],
  "classification_report": {
    "Yes": {
      "precision": 0.3333333333333333,
      "recall": 0.4,
      "f1-score": 0.36363636363636365,
      "support": 5.0
    },
    "No - Unrelated event": {
      "precision": 0.9,
      "recall": 0.9310344827586207,
      "f1-score": 0.9152542372881356,
      "support": 29.0
    },
    "No - condition(s) not met": {
      "precision": 0.25,
      "recall": 0.2,
      "f1-score": 0.2222222222222222,
      "support": 5.0
    },
    "micro avg": {
      "precision": 0.75,
      "recall": 0.7692307692307693,
      "f1-score": 0.759493670886076,
      "support": 39.0
    },
    "macro avg": {
      "precision": 0.49444444444444446,
      "recall": 0.5103448275862069,
      "f1-score": 0.5003709410489071,
      "support": 39.0
    },
    "weighted avg": {
      "precision": 0.744017094017094,
      "recall": 0.7692307692307693,
      "f1-score": 0.7556837387345862,
      "support": 39.0
    }
  }
}