{
  "confusion_matrix": [
    [
      6,
      0,
      1
    ],
    [
      3,
      53,
      0
    ],
    [
      3,
      5,
      0
    ]
  ],
  "classification_report": {
    "Yes": {
      "precision": 0.5,
      "recall": 0.8571428571428571,
      "f1-score": 0.631578947368421,
      "support": 7.0
    },
    "No - Unrelated event": {
      "precision": 0.9137931034482759,
      "recall": 0.9464285714285714,
      "f1-score": 0.9298245614035088,
      "support": 56.0
    },
    "No - condition(s) not met": {
      "precision": 0.0,
      "recall": 0.0,
      "f1-score": 0.0,
      "support": 8.0
    },
    "accuracy": 0.8309859154929577,
    "macro avg": {
      "precision": 0.47126436781609193,
      "recall": 0.6011904761904762,
      "f1-score": 0.52046783625731,
      "support": 71.0
    },
    "weighted avg": {
      "precision": 0.7700339970859641,
      "recall": 0.8309859154929577,
      "f1-score": 0.7956510995799357,
      "support": 71.0
    }
  }
}