{
  "confusion_matrix": [
    [
      5,
      0,
      2
    ],
    [
      3,
      39,
      14
    ],
    [
      2,
      4,
      0
    ]
  ],
  "classification_report": {
    "Yes": {
      "precision": 0.5,
      "recall": 0.7142857142857143,
      "f1-score": 0.5882352941176471,
      "support": 7.0
    },
    "No - Unrelated event": {
      "precision": 0.9069767441860465,
      "recall": 0.6964285714285714,
      "f1-score": 0.7878787878787878,
      "support": 56.0
    },
    "No - condition(s) not met": {
      "precision": 0.0,
      "recall": 0.0,
      "f1-score": 0.0,
      "support": 6.0
    },
    "accuracy": 0.6376811594202898,
    "macro avg": {
      "precision": 0.46899224806201545,
      "recall": 0.4702380952380952,
      "f1-score": 0.4587046939988116,
      "support": 69.0
    },
    "weighted avg": {
      "precision": 0.7868217054263565,
      "recall": 0.6376811594202898,
      "f1-score": 0.6991139011599369,
      "support": 69.0
    }
  }
}