{
  "confusion_matrix": [
    [
      6,
      0,
      1
    ],
    [
      3,
      53,
      0
    ],
    [
      2,
      4,
      0
    ]
  ],
  "classification_report": {
    "Yes": {
      "precision": 0.5454545454545454,
      "recall": 0.8571428571428571,
      "f1-score": 0.6666666666666666,
      "support": 7.0
    },
    "No - Unrelated event": {
      "precision": 0.9298245614035088,
      "recall": 0.9464285714285714,
      "f1-score": 0.9380530973451328,
      "support": 56.0
    },
    "No - condition(s) not met": {
      "precision": 0.0,
      "recall": 0.0,
      "f1-score": 0.0,
      "support": 6.0
    },
    "accuracy": 0.855072463768116,
    "macro avg": {
      "precision": 0.49175970228601806,
      "recall": 0.6011904761904762,
      "f1-score": 0.5349065880039331,
      "support": 69.0
    },
    "weighted avg": {
      "precision": 0.8099761921272219,
      "recall": 0.855072463768116,
      "f1-score": 0.8289513060578855,
      "support": 69.0
    }
  }
}