{
  "confusion_matrix": [
    [
      4,
      0,
      1
    ],
    [
      2,
      26,
      0
    ],
    [
      2,
      3,
      0
    ]
  ],
  "classification_report": {
    "Yes": {
      "precision": 0.5,
      "recall": 0.8,
      "f1-score": 0.6153846153846154,
      "support": 5.0
    },
    "No - Unrelated event": {
      "precision": 0.896551724137931,
      "recall": 0.9285714285714286,
      "f1-score": 0.9122807017543859,
      "support": 28.0
    },
    "No - condition(s) not met": {
      "precision": 0.0,
      "recall": 0.0,
      "f1-score": 0.0,
      "support": 5.0
    },
    "accuracy": 0.7894736842105263,
    "macro avg": {
      "precision": 0.46551724137931033,
      "recall": 0.5761904761904763,
      "f1-score": 0.5092217723796671,
      "support": 38.0
    },
    "weighted avg": {
      "precision": 0.7264065335753177,
      "recall": 0.7894736842105263,
      "f1-score": 0.753178492790681,
      "support": 38.0
    }
  }
}