{
  "confusion_matrix": [
    [
      2,
      0,
      3
    ],
    [
      2,
      22,
      5
    ],
    [
      2,
      2,
      1
    ]
  ],
  "classification_report": {
    "Yes": {
      "precision": 0.3333333333333333,
      "recall": 0.4,
      "f1-score": 0.36363636363636365,
      "support": 5.0
    },
    "No - Unrelated event": {
      "precision": 0.88,
      "recall": 0.7586206896551724,
      "f1-score": 0.8148148148148148,
      "support": 29.0
    },
    "No - condition(s) not met": {
      "precision": 0.1111111111111111,
      "recall": 0.2,
      "f1-score": 0.14285714285714285,
      "support": 5.0
    },
    "micro avg": {
      "precision": 0.625,
      "recall": 0.6410256410256411,
      "f1-score": 0.6329113924050633,
      "support": 39.0
    },
    "macro avg": {
      "precision": 0.44148148148148153,
      "recall": 0.45287356321839084,
      "f1-score": 0.44043610710277376,
      "support": 39.0
    },
    "weighted avg": {
      "precision": 0.7113390313390314,
      "recall": 0.6410256410256411,
      "f1-score": 0.6708230041563374,
      "support": 39.0
    }
  }
}