{
  "confusion_matrix": [
    [
      6,
      0,
      1
    ],
    [
      3,
      53,
      0
    ],
    [
      2,
      3,
      1
    ]
  ],
  "classification_report": {
    "Yes": {
      "precision": 0.5454545454545454,
      "recall": 0.8571428571428571,
      "f1-score": 0.6666666666666666,
      "support": 7.0
    },
    "No - Unrelated event": {
      "precision": 0.9464285714285714,
      "recall": 0.9464285714285714,
      "f1-score": 0.9464285714285714,
      "support": 56.0
    },
    "No - condition(s) not met": {
      "precision": 0.5,
      "recall": 0.16666666666666666,
      "f1-score": 0.25,
      "support": 6.0
    },
    "accuracy": 0.8695652173913043,
    "macro avg": {
      "precision": 0.663961038961039,
      "recall": 0.6567460317460317,
      "f1-score": 0.621031746031746,
      "support": 69.0
    },
    "weighted avg": {
      "precision": 0.8669301712779974,
      "recall": 0.8695652173913043,
      "f1-score": 0.8574879227053139,
      "support": 69.0
    }
  }
}