{
  "confusion_matrix": [
    [
      2,
      3,
      0
    ],
    [
      7,
      20,
      2
    ],
    [
      0,
      5,
      1
    ]
  ],
  "classification_report": {
    "Yes": {
      "precision": 0.2222222222222222,
      "recall": 0.4,
      "f1-score": 0.2857142857142857,
      "support": 5.0
    },
    "No - Unrelated event": {
      "precision": 0.7142857142857143,
      "recall": 0.6896551724137931,
      "f1-score": 0.7017543859649122,
      "support": 29.0
    },
    "No - condition(s) not met": {
      "precision": 0.3333333333333333,
      "recall": 0.16666666666666666,
      "f1-score": 0.2222222222222222,
      "support": 6.0
    },
    "accuracy": 0.575,
    "macro avg": {
      "precision": 0.42328042328042326,
      "recall": 0.41877394636015325,
      "f1-score": 0.40323029796714005,
      "support": 40.0
    },
    "weighted avg": {
      "precision": 0.5956349206349206,
      "recall": 0.575,
      "f1-score": 0.5778195488721803,
      "support": 40.0
    }
  }
}