{
  "confusion_matrix": [
    [
      4,
      0,
      1
    ],
    [
      2,
      27,
      0
    ],
    [
      2,
      3,
      1
    ]
  ],
  "classification_report": {
    "Yes": {
      "precision": 0.5,
      "recall": 0.8,
      "f1-score": 0.6153846153846154,
      "support": 5.0
    },
    "No - Unrelated event": {
      "precision": 0.9,
      "recall": 0.9310344827586207,
      "f1-score": 0.9152542372881356,
      "support": 29.0
    },
    "No - condition(s) not met": {
      "precision": 0.5,
      "recall": 0.16666666666666666,
      "f1-score": 0.25,
      "support": 6.0
    },
    "accuracy": 0.8,
    "macro avg": {
      "precision": 0.6333333333333333,
      "recall": 0.6325670498084291,
      "f1-score": 0.5935462842242504,
      "support": 40.0
    },
    "weighted avg": {
      "precision": 0.79,
      "recall": 0.8,
      "f1-score": 0.7779823989569752,
      "support": 40.0
    }
  }
}