{
  "confusion_matrix": [
    [
      5,
      0,
      2,
      0
    ],
    [
      3,
      47,
      6,
      0
    ],
    [
      2,
      3,
      1,
      0
    ],
    [
      2,
      4,
      7,
      0
    ]
  ],
  "classification_report": {
    "Yes": {
      "precision": 0.4166666666666667,
      "recall": 0.7142857142857143,
      "f1-score": 0.5263157894736842,
      "support": 7.0
    },
    "No - Unrelated event": {
      "precision": 0.8703703703703703,
      "recall": 0.8392857142857143,
      "f1-score": 0.8545454545454545,
      "support": 56.0
    },
    "No - condition(s) not met": {
      "precision": 0.0625,
      "recall": 0.16666666666666666,
      "f1-score": 0.09090909090909091,
      "support": 6.0
    },
    "Maybe": {
      "precision": 0.0,
      "recall": 0.0,
      "f1-score": 0.0,
      "support": 13.0
    },
    "accuracy": 0.6463414634146342,
    "macro avg": {
      "precision": 0.33738425925925924,
      "recall": 0.43005952380952384,
      "f1-score": 0.36794258373205735,
      "support": 82.0
    },
    "weighted avg": {
      "precision": 0.6345415537488708,
      "recall": 0.6463414634146342,
      "f1-score": 0.6351732991014121,
      "support": 82.0
    }
  }
}