{
  "confusion_matrix": [
    [
      2,
      0,
      3,
      0
    ],
    [
      3,
      24,
      2,
      0
    ],
    [
      2,
      2,
      1,
      0
    ],
    [
      0,
      1,
      0,
      0
    ]
  ],
  "classification_report": {
    "Yes": {
      "precision": 0.2857142857142857,
      "recall": 0.4,
      "f1-score": 0.3333333333333333,
      "support": 5.0
    },
    "No - Unrelated event": {
      "precision": 0.8888888888888888,
      "recall": 0.8275862068965517,
      "f1-score": 0.8571428571428571,
      "support": 29.0
    },
    "No - condition(s) not met": {
      "precision": 0.16666666666666666,
      "recall": 0.2,
      "f1-score": 0.18181818181818182,
      "support": 5.0
    },
    "Maybe": {
      "precision": 0.0,
      "recall": 0.0,
      "f1-score": 0.0,
      "support": 1.0
    },
    "accuracy": 0.675,
    "macro avg": {
      "precision": 0.3353174603174603,
      "recall": 0.3568965517241379,
      "f1-score": 0.3430735930735931,
      "support": 40.0
    },
    "weighted avg": {
      "precision": 0.7009920634920633,
      "recall": 0.675,
      "f1-score": 0.6858225108225108,
      "support": 40.0
    }
  }
}