{
  "confusion_matrix": [
    [
      2,
      1,
      2
    ],
    [
      6,
      20,
      3
    ],
    [
      0,
      4,
      2
    ]
  ],
  "classification_report": {
    "Yes": {
      "precision": 0.25,
      "recall": 0.4,
      "f1-score": 0.3076923076923077,
      "support": 5.0
    },
    "No - Unrelated event": {
      "precision": 0.8,
      "recall": 0.6896551724137931,
      "f1-score": 0.7407407407407407,
      "support": 29.0
    },
    "No - condition(s) not met": {
      "precision": 0.2857142857142857,
      "recall": 0.3333333333333333,
      "f1-score": 0.3076923076923077,
      "support": 6.0
    },
    "accuracy": 0.6,
    "macro avg": {
      "precision": 0.44523809523809527,
      "recall": 0.4743295019157088,
      "f1-score": 0.4520417853751187,
      "support": 40.0
    },
    "weighted avg": {
      "precision": 0.654107142857143,
      "recall": 0.6,
      "f1-score": 0.6216524216524217,
      "support": 40.0
    }
  }
}