{
  "confusion_matrix": [
    [
      2,
      0,
      3,
      0
    ],
    [
      2,
      25,
      1,
      1
    ],
    [
      2,
      2,
      1,
      0
    ],
    [
      0,
      1,
      0,
      0
    ]
  ],
  "classification_report": {
    "Yes": {
      "precision": 0.3333333333333333,
      "recall": 0.4,
      "f1-score": 0.36363636363636365,
      "support": 5.0
    },
    "No - Unrelated event": {
      "precision": 0.8928571428571429,
      "recall": 0.8620689655172413,
      "f1-score": 0.8771929824561403,
      "support": 29.0
    },
    "No - condition(s) not met": {
      "precision": 0.2,
      "recall": 0.2,
      "f1-score": 0.2,
      "support": 5.0
    },
    "Maybe": {
      "precision": 0.0,
      "recall": 0.0,
      "f1-score": 0.0,
      "support": 1.0
    },
    "accuracy": 0.7,
    "macro avg": {
      "precision": 0.35654761904761906,
      "recall": 0.36551724137931035,
      "f1-score": 0.360207336523126,
      "support": 40.0
    },
    "weighted avg": {
      "precision": 0.7139880952380954,
      "recall": 0.7,
      "f1-score": 0.7064194577352472,
      "support": 40.0
    }
  }
}