{
  "confusion_matrix": [
    [
      6,
      0,
      1
    ],
    [
      3,
      53,
      0
    ],
    [
      3,
      6,
      0
    ]
  ],
  "classification_report": {
    "Yes": {
      "precision": 0.5,
      "recall": 0.8571428571428571,
      "f1-score": 0.631578947368421,
      "support": 7.0
    },
    "No - Unrelated event": {
      "precision": 0.8983050847457628,
      "recall": 0.9464285714285714,
      "f1-score": 0.9217391304347826,
      "support": 56.0
    },
    "No - condition(s) not met": {
      "precision": 0.0,
      "recall": 0.0,
      "f1-score": 0.0,
      "support": 9.0
    },
    "accuracy": 0.8194444444444444,
    "macro avg": {
      "precision": 0.46610169491525427,
      "recall": 0.6011904761904762,
      "f1-score": 0.5177726926010678,
      "support": 72.0
    },
    "weighted avg": {
      "precision": 0.7472928436911488,
      "recall": 0.8194444444444444,
      "f1-score": 0.7783117213323163,
      "support": 72.0
    }
  }
}