{
  "total_output_questions": 40,
  "total_evaluated_questions": 40,
  "outcome_classification": {
    "accuracy": 0.625,
    "category_metrics": {
      "Yes": {
        "precision": 0.3333333333333333,
        "recall": 0.4,
        "f1-score": 0.36363636363636365,
        "support": 5.0
      },
      "No - Unrelated event": {
        "precision": 0.88,
        "recall": 0.7586206896551724,
        "f1-score": 0.8148148148148148,
        "support": 29.0
      },
      "No - condition(s) not met": {
        "precision": 0.1111111111111111,
        "recall": 0.2,
        "f1-score": 0.14285714285714285,
        "support": 5.0
      }
    }
  },
  "exact_outcome_matches": 25,
  "exact_outcome_match_percentage": 62.5,
  "avg_justification_similarity": 0.6761050969161017,
  "avg_justification_iou": 0.6798687423687424,
  "avg_payment_similarity": 0.7594210206344097,
  "avg_combined_justification_similarity": 0.7177630587752557
}