{
  "total_output_questions": 71,
  "total_evaluated_questions": 71,
  "outcome_classification": {
    "accuracy": 0.8309859154929577,
    "category_metrics": {
      "Yes": {
        "precision": 0.5,
        "recall": 0.8571428571428571,
        "f1-score": 0.631578947368421,
        "support": 7.0
      },
      "No - Unrelated event": {
        "precision": 0.9137931034482759,
        "recall": 0.9464285714285714,
        "f1-score": 0.9298245614035088,
        "support": 56.0
      },
      "No - condition(s) not met": {
        "precision": 0.0,
        "recall": 0.0,
        "f1-score": 0.0,
        "support": 8.0
      }
    }
  },
  "exact_outcome_matches": 59,
  "exact_outcome_match_percentage": 83.09859154929578,
  "avg_justification_similarity": 0.8503180842526281,
  "avg_justification_iou": 0.8539418630978747,
  "avg_payment_similarity": 0.8200883319617508,
  "avg_combined_justification_similarity": 0.8352032081071895
}