{
  "total_output_questions": 40,
  "total_evaluated_questions": 40,
  "outcome_classification": {
    "accuracy": 0.775,
    "category_metrics": {
      "Yes": {
        "precision": 0.42857142857142855,
        "recall": 0.6,
        "f1-score": 0.5,
        "support": 5.0
      },
      "No - Unrelated event": {
        "precision": 0.9,
        "recall": 0.9310344827586207,
        "f1-score": 0.9152542372881356,
        "support": 29.0
      },
      "No - condition(s) not met": {
        "precision": 0.3333333333333333,
        "recall": 0.16666666666666666,
        "f1-score": 0.2222222222222222,
        "support": 6.0
      }
    }
  },
  "exact_outcome_matches": 31,
  "exact_outcome_match_percentage": 77.5,
  "avg_justification_similarity": 0.8300493302261291,
  "avg_justification_iou": 0.8366749263808089,
  "avg_payment_similarity": 0.7650977541072664,
  "avg_combined_justification_similarity": 0.7975735421666977
}