{
  "total_output_questions": 82,
  "total_evaluated_questions": 82,
  "outcome_classification": {
    "accuracy": 0.6463414634146342,
    "category_metrics": {
      "Yes": {
        "precision": 0.36363636363636365,
        "recall": 0.5714285714285714,
        "f1-score": 0.4444444444444444,
        "support": 7.0
      },
      "No - Unrelated event": {
        "precision": 0.8727272727272727,
        "recall": 0.8571428571428571,
        "f1-score": 0.8648648648648649,
        "support": 56.0
      },
      "No - condition(s) not met": {
        "precision": 0.0625,
        "recall": 0.16666666666666666,
        "f1-score": 0.09090909090909091,
        "support": 6.0
      },
      "Maybe": {
        "precision": 0.0,
        "recall": 0.0,
        "f1-score": 0.0,
        "support": 13.0
      }
    }
  },
  "exact_outcome_matches": 53,
  "exact_outcome_match_percentage": 64.63414634146342,
  "avg_justification_similarity": 0.09419416004482656,
  "avg_payment_similarity": 0.8419802337360386,
  "avg_combined_justification_similarity": 0.46808719689043254
}