{
  "total_output_questions": 69,
  "total_evaluated_questions": 69,
  "outcome_classification": {
    "accuracy": 0.855072463768116,
    "category_metrics": {
      "Yes": {
        "precision": 0.5454545454545454,
        "recall": 0.8571428571428571,
        "f1-score": 0.6666666666666666,
        "support": 7.0
      },
      "No - Unrelated event": {
        "precision": 0.9298245614035088,
        "recall": 0.9464285714285714,
        "f1-score": 0.9380530973451328,
        "support": 56.0
      },
      "No - condition(s) not met": {
        "precision": 0.0,
        "recall": 0.0,
        "f1-score": 0.0,
        "support": 6.0
      }
    }
  },
  "exact_outcome_matches": 59,
  "exact_outcome_match_percentage": 85.5072463768116,
  "avg_justification_similarity": 0.862842177201297,
  "avg_justification_iou": 0.866039680457839,
  "avg_payment_similarity": 0.8438590082504972,
  "avg_combined_justification_similarity": 0.8533505927258971
}