{
  "total_output_questions": 69,
  "total_evaluated_questions": 69,
  "outcome_classification": {
    "accuracy": 0.8695652173913043,
    "category_metrics": {
      "Yes": {
        "precision": 0.5454545454545454,
        "recall": 0.8571428571428571,
        "f1-score": 0.6666666666666666,
        "support": 7.0
      },
      "No - Unrelated event": {
        "precision": 0.9464285714285714,
        "recall": 0.9464285714285714,
        "f1-score": 0.9464285714285714,
        "support": 56.0
      },
      "No - condition(s) not met": {
        "precision": 0.5,
        "recall": 0.16666666666666666,
        "f1-score": 0.25,
        "support": 6.0
      }
    }
  },
  "exact_outcome_matches": 60,
  "exact_outcome_match_percentage": 86.95652173913044,
  "avg_justification_similarity": 0.8719620075300349,
  "avg_justification_iou": 0.8757015162066314,
  "avg_payment_similarity": 0.8438590082504972,
  "avg_combined_justification_similarity": 0.8579105078902661
}