{
  "total_output_questions": 69,
  "total_evaluated_questions": 69,
  "outcome_classification": {
    "accuracy": 0.6376811594202898,
    "category_metrics": {
      "Yes": {
        "precision": 0.5,
        "recall": 0.7142857142857143,
        "f1-score": 0.5882352941176471,
        "support": 7.0
      },
      "No - Unrelated event": {
        "precision": 0.9069767441860465,
        "recall": 0.6964285714285714,
        "f1-score": 0.7878787878787878,
        "support": 56.0
      },
      "No - condition(s) not met": {
        "precision": 0.0,
        "recall": 0.0,
        "f1-score": 0.0,
        "support": 6.0
      }
    }
  },
  "exact_outcome_matches": 44,
  "exact_outcome_match_percentage": 63.76811594202898,
  "avg_justification_similarity": 0.659362382561725,
  "avg_justification_iou": 0.6625651747135124,
  "avg_payment_similarity": 0.8308836085191315,
  "avg_combined_justification_similarity": 0.7451229955404282
}