{
  "total_output_questions": 40,
  "total_evaluated_questions": 40,
  "outcome_classification": {
    "accuracy": 0.6,
    "category_metrics": {
      "Yes": {
        "precision": 0.25,
        "recall": 0.4,
        "f1-score": 0.3076923076923077,
        "support": 5.0
      },
      "No - Unrelated event": {
        "precision": 0.8,
        "recall": 0.6896551724137931,
        "f1-score": 0.7407407407407407,
        "support": 29.0
      },
      "No - condition(s) not met": {
        "precision": 0.2857142857142857,
        "recall": 0.3333333333333333,
        "f1-score": 0.3076923076923077,
        "support": 6.0
      }
    }
  },
  "exact_outcome_matches": 24,
  "exact_outcome_match_percentage": 60.0,
  "avg_justification_similarity": 0.6256268566475943,
  "avg_justification_iou": 0.6293154761904762,
  "avg_payment_similarity": 0.7175376955090597,
  "avg_combined_justification_similarity": 0.671582276078327
}