{
  "total_output_questions": 38,
  "total_evaluated_questions": 38,
  "outcome_classification": {
    "accuracy": 0.7894736842105263,
    "category_metrics": {
      "Yes": {
        "precision": 0.5,
        "recall": 0.8,
        "f1-score": 0.6153846153846154,
        "support": 5.0
      },
      "No - Unrelated event": {
        "precision": 0.896551724137931,
        "recall": 0.9285714285714286,
        "f1-score": 0.9122807017543859,
        "support": 28.0
      },
      "No - condition(s) not met": {
        "precision": 0.0,
        "recall": 0.0,
        "f1-score": 0.0,
        "support": 5.0
      }
    }
  },
  "exact_outcome_matches": 30,
  "exact_outcome_match_percentage": 78.94736842105263,
  "avg_justification_similarity": 0.8134269615683196,
  "avg_justification_iou": 0.8176115250418656,
  "avg_payment_similarity": 0.7846542053836428,
  "avg_combined_justification_similarity": 0.7990405834759812
}