{
  "confusion_matrix": [
    [
      8,
      13,
      3
    ],
    [
      5,
      61,
      2
    ],
    [
      1,
      10,
      5
    ]
  ],
  "classification_report": {
    "Yes": {
      "precision": 0.5714285714285714,
      "recall": 0.3333333333333333,
      "f1-score": 0.42105263157894735,
      "support": 24.0
    },
    "No - Unrelated event": {
      "precision": 0.7261904761904762,
      "recall": 0.8970588235294118,
      "f1-score": 0.8026315789473685,
      "support": 68.0
    },
    "No - condition(s) not met": {
      "precision": 0.5,
      "recall": 0.3125,
      "f1-score": 0.38461538461538464,
      "support": 16.0
    },
    "accuracy": 0.6851851851851852,
    "macro avg": {
      "precision": 0.5992063492063492,
      "recall": 0.5142973856209151,
      "f1-score": 0.5360998650472335,
      "support": 108.0
    },
    "weighted avg": {
      "precision": 0.6582892416225751,
      "recall": 0.6851851851851852,
      "f1-score": 0.6559079322237218,
      "support": 108.0
    }
  }
}