{
  "confusion_matrix": [
    [
      12,
      11,
      1
    ],
    [
      3,
      63,
      0
    ],
    [
      1,
      10,
      5
    ]
  ],
  "classification_report": {
    "Yes": {
      "precision": 0.75,
      "recall": 0.5,
      "f1-score": 0.6,
      "support": 24.0
    },
    "No - Unrelated event": {
      "precision": 0.75,
      "recall": 0.9264705882352942,
      "f1-score": 0.8289473684210527,
      "support": 68.0
    },
    "No - condition(s) not met": {
      "precision": 0.8333333333333334,
      "recall": 0.3125,
      "f1-score": 0.45454545454545453,
      "support": 16.0
    },
    "micro avg": {
      "precision": 0.7547169811320755,
      "recall": 0.7407407407407407,
      "f1-score": 0.7476635514018691,
      "support": 108.0
    },
    "macro avg": {
      "precision": 0.7777777777777778,
      "recall": 0.5796568627450981,
      "f1-score": 0.6278309409888357,
      "support": 108.0
    },
    "weighted avg": {
      "precision": 0.7623456790123456,
      "recall": 0.7407407407407407,
      "f1-score": 0.7226032252348041,
      "support": 108.0
    }
  }
}