{
  "confusion_matrix": [
    [
      12,
      11,
      1
    ],
    [
      4,
      63,
      1
    ],
    [
      0,
      11,
      5
    ]
  ],
  "classification_report": {
    "Yes": {
      "precision": 0.75,
      "recall": 0.5,
      "f1-score": 0.6,
      "support": 24.0
    },
    "No - Unrelated event": {
      "precision": 0.7411764705882353,
      "recall": 0.9264705882352942,
      "f1-score": 0.8235294117647058,
      "support": 68.0
    },
    "No - condition(s) not met": {
      "precision": 0.7142857142857143,
      "recall": 0.3125,
      "f1-score": 0.43478260869565216,
      "support": 16.0
    },
    "accuracy": 0.7407407407407407,
    "macro avg": {
      "precision": 0.7351540616246499,
      "recall": 0.5796568627450981,
      "f1-score": 0.6194373401534526,
      "support": 108.0
    },
    "weighted avg": {
      "precision": 0.7391534391534392,
      "recall": 0.7407407407407407,
      "f1-score": 0.7162640901771338,
      "support": 108.0
    }
  }
}