{
  "model_name": "qwen3-235b-a22b",
  "total_output_questions": 108,
  "total_evaluated_questions": 108,
  "outcome_classification": {
    "accuracy": 0.7314814814814815,
    "category_metrics": {
      "Yes": {
        "precision": 0.6470588235294118,
        "recall": 0.4583333333333333,
        "f1-score": 0.5365853658536586,
        "support": 24.0
      },
      "No - Unrelated event": {
        "precision": 0.7529411764705882,
        "recall": 0.9411764705882353,
        "f1-score": 0.8366013071895425,
        "support": 68.0
      },
      "No - condition(s) not met": {
        "precision": 0.6666666666666666,
        "recall": 0.25,
        "f1-score": 0.36363636363636365,
        "support": 16.0
      }
    }
  },
  "exact_outcome_matches": 79,
  "exact_outcome_match_percentage": 73.14814814814815,
  "avg_justification_similarity": 0.6718822484502847,
  "avg_justification_iou": 0.6523227295554114,
  "avg_payment_similarity": 0.8179376057367393,
  "avg_combined_justification_similarity": 0.7449099270935119
}