{
  "model_name": "qwen3-235b-a22b",
  "total_output_questions": 108,
  "total_evaluated_questions": 108,
  "outcome_classification": {
    "accuracy": 0.7407407407407407,
    "category_metrics": {
      "Yes": {
        "precision": 0.75,
        "recall": 0.5,
        "f1-score": 0.6,
        "support": 24.0
      },
      "No - Unrelated event": {
        "precision": 0.75,
        "recall": 0.9264705882352942,
        "f1-score": 0.8289473684210527,
        "support": 68.0
      },
      "No - condition(s) not met": {
        "precision": 0.8333333333333334,
        "recall": 0.3125,
        "f1-score": 0.45454545454545453,
        "support": 16.0
      }
    }
  },
  "exact_outcome_matches": 80,
  "exact_outcome_match_percentage": 74.07407407407408,
  "avg_justification_similarity": 0.6786304484178979,
  "avg_justification_iou": 0.66005717238907,
  "avg_payment_similarity": 0.8270661460417501,
  "avg_combined_justification_similarity": 0.7528482972298242
}