{
  "model_name": "qwen3-235b-a22b",
  "total_output_questions": 108,
  "total_evaluated_questions": 108,
  "outcome_classification": {
    "accuracy": 0.6851851851851852,
    "category_metrics": {
      "Yes": {
        "precision": 0.5714285714285714,
        "recall": 0.3333333333333333,
        "f1-score": 0.42105263157894735,
        "support": 24.0
      },
      "No - Unrelated event": {
        "precision": 0.7261904761904762,
        "recall": 0.8970588235294118,
        "f1-score": 0.8026315789473685,
        "support": 68.0
      },
      "No - condition(s) not met": {
        "precision": 0.5,
        "recall": 0.3125,
        "f1-score": 0.38461538461538464,
        "support": 16.0
      }
    }
  },
  "exact_outcome_matches": 74,
  "exact_outcome_match_percentage": 68.51851851851852,
  "avg_justification_similarity": 0.10161651710085212,
  "avg_justification_iou": 0.06484260443212318,
  "avg_payment_similarity": 0.7976087776793214,
  "avg_combined_justification_similarity": 0.44961264739008666
}